{"cameraMode":{"drawMode":0,"name":"Shaded","section":"Shading Mode"},"sceneLighting":false,"audioPlay":false,"sceneViewState":{"showFog":true,"showMaterialUpdate":false,"showSkybox":false,"showFlares":true,"showImageEffects":true,"showParticleSystems":true},"in2DMode":false,"pivot":{"x":3.1599998474121095,"y":17.36732292175293,"z":7.879877090454102},"rotation":{"x":0.05061065033078194,"y":0.9396784901618958,"z":-0.15936854481697083,"w":0.29841673374176028},"size":6.157623291015625,"orthographic":false}