{"cameraMode":{"drawMode":0,"name":"Shaded","section":"Shading Mode"},"sceneLighting":false,"audioPlay":false,"sceneViewState":{"showFog":true,"showMaterialUpdate":false,"showSkybox":false,"showFlares":true,"showImageEffects":true,"showParticleSystems":true},"in2DMode":false,"pivot":{"x":11.03332805633545,"y":-2.984339714050293,"z":14.87320327758789},"rotation":{"x":-0.1498136818408966,"y":0.8123476505279541,"z":-0.23827655613422395,"w":-0.5107908844947815},"size":29.799747467041017,"orthographic":false}