{"cameraMode":{"drawMode":0,"name":"Shaded","section":"Shading Mode"},"sceneLighting":true,"audioPlay":false,"sceneViewState":{"showFog":true,"showMaterialUpdate":false,"showSkybox":true,"showFlares":true,"showImageEffects":true,"showParticleSystems":true},"in2DMode":false,"pivot":{"x":-15.639450073242188,"y":6.892547607421875,"z":-8.850112915039063},"rotation":{"x":-0.03114503249526024,"y":0.9680959582328796,"z":-0.19422782957553864,"w":-0.15523771941661836},"size":88.22254943847656,"orthographic":false}