{"cameraMode":{"drawMode":0,"name":"Shaded","section":"Shading Mode"},"sceneLighting":true,"audioPlay":false,"sceneViewState":{"showFog":true,"showMaterialUpdate":false,"showSkybox":true,"showFlares":true,"showImageEffects":true,"showParticleSystems":true},"in2DMode":false,"pivot":{"x":-142.904052734375,"y":-48.756317138671878,"z":-92.23771667480469},"rotation":{"x":0.068639375269413,"y":-0.913447380065918,"z":0.17330674827098847,"w":0.3617667853832245},"size":162.56370544433595,"orthographic":false}